neg,neu,pos,compound,headline,label
0.0,0.769,0.231,0.4019,Mitt Romney says Americans who support Putin are ‘almost treasonous’,1
0.0,1.0,0.0,0.0,Fox News sued for $1.6bn over false election claims,0
0.162,0.838,0.0,-0.4019,Mitch McConnell Will Lose Control Of The Senate As Democrats Have Swept The Georgia Runoffs,-1
0.266,0.734,0.0,-0.9153,"'Cry Me a River': Sanders Hits Back as Billionaire Investor Whines About Potential Tax Hikes Amid GameStop Fiasco | ""Oh look, another billionaire is mad that he might have to pay more taxes while children in America go hungry and veterans sleep on the street.""",-1
0.144,0.673,0.183,0.2023,Megathread: Joe Biden Projected to Defeat President Donald Trump and Win the 2020 US Presidential Election,1
0.189,0.811,0.0,-0.2732,"House charges Donald Trump with impeachment for ""inciting an insurrection""",-1
0.226,0.774,0.0,-0.5859,Giuliani sued for $1.3 billion by Dominion Voting systems over false election fraud claims,-1
0.0,0.661,0.339,0.4767,Virginia governor makes Election Day a holiday and expands early voting,1
0.0,0.775,0.225,0.4404,"Donald Trump Has Just Left the White House—This Time, for Good",1
0.0,1.0,0.0,0.0,Joe Biden Has Taken The Lead In The Historically Red State Of Georgia,0
0.204,0.796,0.0,-0.875,"Demands for Kushner to Resign Over 'Staggering' Level of 'Depravity' That Put Politics Before Public Health. ""Holy hell. Jared Kushner reportedly abandoned a national testing plan because it was *politically advantageous* to sit back and let blue states be eviscerated by the virus.""",-1
0.419,0.581,0.0,-0.8779,"FBI Asks for Evidence of Individuals Inciting Violence During Protests, People Respond With Videos of Police Violence",-1
0.0,1.0,0.0,0.0,Sen. Elizabeth Warren wants to bar members of Congress from ever trading individual stocks again,0
0.353,0.647,0.0,-0.5994,Trump Threatens to ‘Leave the Country’ if He Loses to Biden,-1
0.073,0.927,0.0,-0.128,"Video emerges showing Trump talking about cutting pandemic team in 2018, despite saying last week 'I didn't know about it'",0
0.192,0.808,0.0,-0.2263,Pentagon cancels all contracts to build Trump’s border wall,-1
0.167,0.833,0.0,-0.296,Biden's Pennsylvania lead is now big enough to avoid an automatic recount,-1
0.0,1.0,0.0,0.0,Megathread: House Votes to Impeach President Donald J. Trump,0
0.0,1.0,0.0,0.0,Report: Biden Admin Discovers Trump Had Zero Plans For COVID Vaccine Distribution,0
0.281,0.719,0.0,-0.6908,Over A million people sign petition calling for KKK to be declared a terrorist group,-1
